seq_no,ctd_section,title,xml_element,item_type,relative_path,comment
1,,Module 1 EU,m1-eu,directory,m1/eu,Top level directory for the EU Module 1as per ICH eCTD Specification
2,,,,file,m1/eu/eu-regional.xml,The EU Regional XML instance including the envelope information. Note that the operation attribute for the eu.regional.xml should always be set to ‘new’.
3,1.0,Cover Letter,m1-0-cover,directory,m1/eu/10-cover,
4,,,,directory,m1/eu/10-cover/CC,Always use the country directory at this level for all procedures even when only one file is submitted to only one country during the lifecycle of the submission.
5,,,,file,m1/eu/10-cover/CC/CC-cover-VAR.EXT,"Filename for the Cover Letter composed of a fixed component “CC”, a fixed component “cover” and an optional variable component if required (e.g. fr-cover-variationrationale.pdf). When only the cover letter is submitted in this directory the file name should be CC- cover.pdf. Single document correspondences e.g. Letter of Undertakings should be placed here."
6,,,,file,m1/eu/10-cover/CC/CC-tracking-VAR.EXT,"A tracking table should always be included in addition to the cover letter for submissions within all procedures, except for EDQM submissions. The file should be named cc-tracking-var.pdf and be placed in /XXXX/m1/eu/10-cover/cc (e.g. ema- tracking-var.pdf for a CP, common-tracking-var.pdf in an MRP/DCP, or be-tracking-var.pdf in a NP.)"
7,1.2,Application Form,m1-2-form,directory,m1/eu/12-form,"The Application Form refers to any form (new applications, applications for variations or renewals)."
8,,,,directory,m1/eu/12-form/CC,Always use the country directory at this level for all procedures even when only one file is submitted to only one country during the lifecycle of the submission.
9,,,,file,m1/eu/12-form/CC/CC-form-eaf-VAR.EXT,"Filename for the Application Form composed of a fixed component “CC”, a fixed component “form-eaf” (there could be country specific exceptions to this file naming, e.g. national forms) and an optional variable component to be used if required (e.g. fr-form-eaf-tablet.pdf). When only the application form is submitted in this directory the file name should be CC–form-eaf.pdf."
10,,,,file,m1/eu/12-form/CC/CC-form-annex-VAR.EXT,"Filenames for the Annexes to the Application Form composed of a fixed component “CC”, a fixed component “form-annex” and an optional variable component to be used if required (e.g. fr-form-annex-01.pdf, fr-form-annex-proofpayment.pdf). Annexes that potentially apply to all EU countries should be placed in the ‘common’ sub-directory (e.g. common-form-annex-12.pdf, common-form-annex- pheurcertificate.pdf). The variable component, if used, should be a logical name and should be added without spaces Supportive documents, which are not part of any M2-5 section or Response to Questions, should be placed here. Any updates to documents originating from M2-5 should replace the outdated version in its original location in M2-5. Supportive documents submitted as answers to questions should be placed in Module 1 Responses to Questions (see line 67-69)."
11,1.3,Product Information,m1-3-pi,directory,m1/eu/13-pi,General placeholder for Product Information
12,1.3.1,"SmPC, Labelling and Package Leaflet",m1-3-1-spc-label-pl,directory,m1/eu/13-pi/131-spclabelpl,"General placeholder for SmPC, Labelling, Package Leaflet or Combined PI"
13,,,,directory,m1/eu/13-pi/131-spclabelpl/CC,Always use the country directory at this level for all procedures even when only one file is submitted to only one country during the lifecycle of the submission.
14,,,,directory,m1/eu/13-pi/131-spclabelpl/CC/LL,Always use a language directory at this level during the lifecycle of the submission. See Row 13 for an example.
15,,,,file,m1/eu/13-pi/131-spclabelpl/CC/LL/CC-PIDOC-VAR.EXT,"Filename for the spc-label-pl document composed by a fixed component “CC”, a fixed component “PIDOC” as per table of Appendix 2.3 and an optional variable component to be used if needed (e.g. m1/eu/13-pi/131-spclabelpl/ema/de/ema-combined-tablet10mgde.pdf). For centralised procedure, please also refer to the EMA User guide on how to generate PDF versions of the product information and other annexes."
16,1.3.2,Mock-up,m1-3-2-mockup,directory,m1/eu/13-pi/132-mockup,
17,,,,directory,m1/eu/13-pi/132-mockup/CC,Always use the country directory at this level for all procedures even when only one file is submitted to only one country during the lifecycle of the submission.
18,,,,file,m1/eu/13-pi/132-mockup/CC/CC-mockup-VAR.EXT,"Filename for the mock-up document composed by a fixed component “CC”, a fixed component “mockup” and an optional variable component to be used if needed. (e.g. fr-mockup-tablet10mgouter.pdf)."
19,1.3.3,Specimen,m1-3-3-specimen,directory,m1/eu/13-pi/133-specimen,
20,,,,directory,m1/eu/13-pi/133-specimen/CC,Always use the country directory at this level for all procedures even when only one file is submitted to only one country during the lifecycle of the submission.
21,,,,file,m1/eu/13-pi/133-specimen/CC/CC-specimen-VAR.EXT,"Filename for the list of physical specimens provided with the submission composed by a fixed component “CC”, a fixed component “specimen” and an optional variable component to be used if needed. (e.g. fr-specimen.pdf)."
22,1.3.4,Consultation with Target Patient Groups,m1-3-4-consultation,directory,m1/eu/13-pi/134-consultation,
23,,,,directory,m1/eu/13-pi/134-consultation/CC,Always use the country directory at this level for all procedures even when only one file is submitted to only one country during the lifecycle of the submission.
24,,,,file,m1/eu/13-pi/134-consultation/CC/CC-consultation-VAR.EXT,"Filename for the results of assessments carried out in cooperation with target patient groups on the package leaflet, composed by a fixed component “CC”, a fixed component “consultation” and an optional variable component to be used if needed. (e.g. be-consultation- tablet10mgpl.pdf)."
25,1.3.5,Product Information already approved in the Member States,m1-3-5-approved,directory,m1/eu/13-pi/135-approved,
26,,,,directory,m1/eu/13-pi/135-approved/CC,Always use the country directory at this level for all procedures even when only one file is submitted.
27,,,,file,m1/eu/13-pi/135-approved/CC/CC-approved-VAR.EXT,"Filename for the approved Product Information document composed by a fixed component “CC”, a fixed component “approved” and an optional variable component to be used if needed. The “CC” prefix should be used for the country receiving the submission, not the country where the product information is already approved (e.g. when submitting an application in France, where Product Information has been approved in Poland, the file name would be (e.g. fr-approved-poland.pdf or fr-approved-polandmanumber.pdf)."
28,1.3.6,Braille,m1-3-6-braille,directory,m1/eu/13-pi/136-braille,
29,,,,file,m1/eu/13-pi/136-braille/braille-VAR.EXT,Filename for the Braille information is composed by a fixed component “braille” and an optional variable component to be used if needed. (e.g. braille.pdf).
30,1.4,Information about the Experts,m1-4-expert,directory,m1/eu/14-expert,General placeholder for Expert Information.
31,1.4.1,Quality,m1-4-1-quality,directory,m1/eu/14-expert/141-quality,General placeholder for quality information.
32,,,,file,m1/eu/14-expert/141-quality/quality-VAR.EXT,Filename for the quality expert document composed by a fixed component “quality” and an optional variable component to be used if needed. (e.g. quality.pdf).
33,1.4.2,Non-Clinical,m1-4-2-non-clinical,directory,m1/eu/14-expert/142-nonclinical,General placeholder for non-clinical information.
34,,,,file,m1/eu/14-expert/142-nonclinical/nonclinical-VAR.EXT,Filename for the non-clinical expert document composed by a fixed component “nonclinical” and an optional variable component to be used if needed. (e.g. nonclinical.pdf).
35,1.4.3,Clinical,m1-4-3-clinical,directory,m1/eu/14-expert/143-clinical,General placeholder for clinical information.
36,,,,file,m1/eu/14-expert/143-clinical/clinical-VAR.EXT,Filename for the clinical expert document composed by a fixed component “clinical” and an optional variable component to be used if needed. (e.g. clinical.pdf).
37,1.5,Specific Requirements for Different Types of Applications,m1-5-specific,directory,m1/eu/15-specific,General placeholder for Specific Information.
38,1.5.1,Information for Bibliographical Applications,m1-5-1-bibliographic,directory,m1/eu/15-specific/151-bibliographic,General placeholder for bibliographical applications.
39,,,,file,m1/eu/15-specific/151-bibliographic/bibliographic-VAR.EXT,Filename for the specific bibliographic submission information composed by a fixed component “bibliographic” and an optional variable component to be used if needed. (e.g. bibliographic.pdf).
40,1.5.2,"Information for Generic, ‘Hybrid’ or Bio-similar Applications",m1-5-2-generic-hybrid-biosimilar,directory,m1/eu/15-specific/152-generic-hybrid-bio-similar,"General placeholder for generic, ‘hybrid’ or bio-similar applications."
41,,,,file,m1/eu/15-specific/152-generic-hybrid-bio-similar/generic-VAR.EXT or m1/eu/15-specific/152-generic-hybrid-bio-similar/hybrid-VAR.EXT,"Filename for the specific generic, hybrid or bio-similar submission information composed by a fixed component “generic” or “hybrid” or “biosimilar”, and an optional variable component to be used if needed (e.g. generic.pdf)."
42,1.5.3,(Extended) Data/Market Exclusivity,m1-5-3-data-market-exclusivity,directory,m1/eu/15-specific/153-data-market-exclusivity,General placeholder for (extended) data/market exclusivity.
43,,,,file,m1/eu/15-specific/153-data-market-exclusivity/datamarketexclusivity-VAR.EXT,Filename for the data / market exclusivity composed of a fixed component “datamarketexclusivity” and an optional variable component to be used if needed (e.g. datamarketexclusivity.pdf).
44,1.5.4,Exceptional Circumstances,m1-5-4-exceptional-circumstances,directory,m1/eu/15-specific/154-exceptional,General placeholder for marketing authorisation granted under exceptional circumstances.
45,,,,file,m1/eu/15-specific/154-exceptional/exceptional-VAR.EXT,"Filename for marketing authorisation granted under exceptional circumstances, composed of a fixed component “exceptional” and an optional variable component to be used if needed (e.g. exceptional.pdf)."
46,1.5.5,Conditional Marketing Authorisation,m1-5-5-conditional-ma,directory,m1/eu/15-specific/155-conditional-ma,General placeholder for conditional marketing authorisation.
47,,,,file,m1/eu/15-specific/155-conditional-ma/conditionalma-VAR.EXT,"Filename for conditional marketing authorisation, composed of a fixed component “conditionalma” and an optional variable component to be used if needed (e.g. conditionalma.pdf)."
48,1.6,Environmental Risk Assessment,m1-6-environrisk,directory,m1/eu/16-environrisk,General placeholder for Environmental Risk Assessment.
49,1.6.1,Non-GMO,m1-6-1-non-gmo,directory,m1/eu/16-environrisk/161-nongmo,General placeholder for non-GMO.
50,,,,file,m1/eu/16-environrisk/161-nongmo/nongmo-VAR.EXT,Filename for the environmental risk assessment non-GMO composed by a fixed component “nongmo” and an optional variable component to be used if needed. (e.g. nongmo.pdf). Only one of the 2 folders 1.6.1 or 1.6.2 can have content when sending a sequence.
51,1.6.2,GMO,m1-6-2-gmo,directory,m1/eu/16-environrisk/162-gmo,General placeholder for GMO.
52,,,,file,m1/eu/16-environrisk/162-gmo/gmo-VAR.EXT,Filename for the environmental risk assessment GMO-composed by a fixed component “gmo” and an optional variable component to be used if needed (e.g. gmo.pdf). Only one of the 2 folders 1.6.1 or 1.6.2 can have content when sending a sequence.
53,1.7,Information relating to Orphan Market Exclusivity,m1-7-orphan,directory,m1/eu/17-orphan,General placeholder for Orphan Market Exclusivity information.
54,1.7.1,Similarity,m1-7-1-similarity,directory,m1/eu/17-orphan/171-similarity,General placeholder for information on similarity with authorised orphan product.
55,,,,file,m1/eu/17-orphan/171-similarity/similarity-VAR.EXT,Filename for the information on similarity composed by a fixed component “similarity” and an optional variable component to be used if needed.
56,1.7.2,Market Exclusivity,m1-7-2-market-exclusivity,directory,m1/eu/17-orphan/172-market-exclusivity,General placeholder for information on market exclusivity.
57,,,,file,m1/eu/17-orphan/172-market-exclusivity/marketexclusivity-VAR.EXT,Filename for information on market exclusivity composed by a fixed component “marketexclusivity” and an optional variable component to be used if needed.
58,1.8,Information relating to Pharmacovigilance,m1-8-pharmacovigilance,directory,m1/eu/18-pharmacovigilance,General placeholder for information on pharmacovigilance.
59,1.8.1,Pharmacovigilance System,m1-8-1-pharmacovigilance-system,directory,m1/eu/18-pharmacovigilance/181-phvig-system,General placeholder for information on pharmacovigilance system.
60,,,,file,m1/eu/18-pharmacovigilance/181-phvig-system/phvigsystem-VAR.EXT,Filename for information on pharmacovigilance system composed by a fixed component “phvigsystem” and an optional variable component to be used if needed.
61,1.8.2,Risk-management System,m1-8-2-risk-management-system,directory,m1/eu/18-pharmacovigilance/182-riskmgt-system,General placeholder for information on risk management system.
62,,,,file,m1/eu/18-pharmacovigilance/182-riskmgt-system/riskmgtsystem-VAR.EXT,Filename for information on pharmacovigilance system composed by a fixed component “riskmgtsystem” and an optional variable component to be used if needed.
63,1.9,Information relating to Clinical Trials,m1-9-clinical-trials,directory,m1/eu/19-clinical-trials,General placeholder for information on clinical trials.
64,,,,file,m1/eu/19-clinical-trials/clinicaltrials-VAR.EXT,Filename for information on clinical trials composed by a fixed component “clinicaltrials” and an optional variable component to be used if needed.
65,1.10,Information relating to Paediatrics,m1-10-paediatrics,directory,m1/eu/110-paediatrics,General placeholder for information on paediatrics.
66,,,,file,m1/eu/110-paediatrics/paediatrics-VAR.EXT,Filename for information on paediatrics composed by a fixed component “paediatrics” and an optional variable component to be used if needed.
67,,Responses to Questions,m1-responses,directory,m1/eu/responses,
68,,,,directory,m1/eu/responses/CC,Always use the country directory at this level for all procedures even when only one file is submitted to only one country during the lifecycle of the submission.
69,,,,file,m1/eu/responses/CC/CC-responses-VAR.EXT,"Filename for responses to questions composed by a fixed component “CC”, a fixed component “responses” and an optional variable component to be used if needed (e.g. be-responses.pdf)."
70,,Additional Data,m1-additional-data,directory,m1/eu/additional-data,"The 'Additional Data’ section should only be used for information required for National, MR and Decentralised Procedures; it is therefore not generally applicable for the Centralised Procedure, other than for justifications for active substances. This section is not intended for including already submitted documents. Any information/file which was already submitted in a previous sequence should not be submitted again in eCTD. For already submitted documents, a reference/hyperlink/cross-link to the existing file should be created. This helps to avoid multiple lifecycles and repetitions of the files."
71,,,,directory,m1/eu/additional-data/CC,Always use the country directory at this level for all procedures even when only one file is submitted to only one country during the lifecycle of the submission.
72,,,,file,m1/eu/additional-data/CC/CC-additionaldata-VAR.EXT,"Filename for additional information requested composed by a fixed component “CC”, a fixed component “additionaldata” and an optional variable component to be used if needed (e.g. be-additionaldata-yellowpink.pdf). Supporting data for variations should be not be placed in this section; wherever possible they should be placed in the relevant CTD section, primarily within Module 3 ‘Quality’ and Module 1 (1.3.1) ‘Summary of Product Characteristics, Labelling and Package Leaflet’. Where documents cannot be assigned to specific CTD-defined locations, then they should be attached to the 1.2 Application Form. The same approach should be used for renewals. Additionally see comments in row no 9. The 'Additional Data’ section should only be used for information required for country specific information/documentation for National, MR and Decentralised Procedures; it is not applicable for the Centralised Procedure, other than for justifications for active substances."
73,,,,directory,m1/eu/util,Additional folder to hold utility files used in EU Region only.
74,,,,directory,m1/eu/util/dtd,Additional folder to hold DTD files used in EU Region only.
75,,,,directory,util/dtd,ICH specified location for eCTD DTD files.
76,,,,directory,util/style,"ICH specified location for eCTD style-sheet files. The style-sheet to be used should be the most recent version, which is always published as part of the specification package for download. Note that the XML instance can only point to one style-sheet and that referencing a customised style-sheet will effectively prevent the agency using the official one. It is therefore recommended not to submit customised style-sheets."
